{"cameraMode":{"drawMode":0,"name":"Shaded","section":"Shading Mode"},"sceneLighting":false,"audioPlay":false,"sceneViewState":{"showFog":true,"showMaterialUpdate":false,"showSkybox":false,"showFlares":true,"showImageEffects":true,"showParticleSystems":true},"in2DMode":false,"pivot":{"x":-2.832808017730713,"y":-2.041870355606079,"z":-2.525003433227539},"rotation":{"x":-0.1013350784778595,"y":0.8915089964866638,"z":-0.24673247337341309,"w":-0.3661506175994873},"size":3.1098406314849855,"orthographic":false}